table,match_on,value,qualifier,kind,confidence,label
kMacSigs,Address,de:ad:be:ef:de:ad,,Pentest,Strong,Pwnagotchi
kOuiSigs,OUI,28:ea:5b,,Vehicle,Strong,Samsara fleet
kOuiSigs,OUI,fc:db:21,,Vehicle,Strong,Samsara fleet
kOuiSigs,OUI,98:5d:46,,Vehicle,Strong,PeopleNet ELD
kOuiSigs,OUI,00:17:1a,,Vehicle,Strong,Winegard RV
kOuiSigs,OUI,cc:57:63,,Vehicle,Weak,CarPlay dongle?
kOuiSigs,OUI,68:8f:c9,,Vehicle,Weak,CarPlay dongle?
kOuiSigs,OUI,00:0e:a5,,Alpr,Strong,BLIP Systems
kOuiSigs,OUI,00:18:29,,Alpr,Strong,Gatsometer
kOuiSigs,OUI,00:30:7e,,Alpr,Strong,Redflex
kOuiSigs,OUI,00:14:7b,,Alpr,Strong,Iteris (BlueTOAD)
kOuiSigs,OUI,d4:11:d6,,Acoustic,Strong,ShotSpotter
kOuiSigs,OUI,14:ba:88,,Camera,Strong,Uniview
kOuiSigs,OUI,48:ea:63,,Camera,Strong,Uniview
kOuiSigs,OUI,6c:f1:7e,,Camera,Strong,Uniview
kOuiSigs,OUI,88:26:3f,,Camera,Strong,Uniview
kOuiSigs,OUI,c4:79:05,,Camera,Strong,Uniview
kOuiSigs,OUI,00:23:bd,,Bodycam,Strong,Digital Ally
kOuiSigs,OUI,00:09:bc,,Bodycam,Strong,Utility BodyWorn
kOuiSigs,OUI,00:16:ed,,Bodycam,Strong,Utility BodyWorn
kOuiSigs,OUI,00:1d:96,,Bodycam,Strong,WatchGuard Video
kOuiSigs,OUI,fc:01:9e,,Bodycam,Strong,VIEVU
kOuiSigs,OUI,48:46:8d,,Bodycam,Strong,Zepcam
kOuiSigs,OUI,00:1b:be,,Bodycam,Strong,ICOP Digital
kOuiSigs,OUI,00:1c:3f,,Bodycam,Strong,Intl Police Tech
kOuiSigs,OUI,38:43:69,,Vehicle,Strong,Patrol upfit (PPC)
kOuiSigs,OUI,6c:18:11,,Vehicle,Likely,Decatur radar
kOuiSigs,OUI,00:30:44,,Accessory,Strong,Cradlepoint
kOuiSigs,OUI,00:e0:1c,,Accessory,Strong,Cradlepoint
kOuiSigs,OUI,00:14:3e,,Accessory,Strong,Sierra AirLink
kOuiSigs,OUI,00:a0:d5,,Accessory,Strong,Sierra AirLink
kOuiSigs,OUI,28:a3:31,,Accessory,Strong,Sierra AirLink
kOuiSigs,OUI,50:13:9d,,Accessory,Strong,Sierra AirLink
kOuiSigs,OUI,64:ce:6e,,Accessory,Strong,Sierra AirLink
kOuiSigs,OUI,84:db:2f,,Accessory,Strong,Sierra AirLink
kOuiSigs,OUI,cc:93:4a,,Accessory,Strong,Sierra AirLink
kOuiSigs,OUI,28:80:a2,,Accessory,Weak,Inseego (MiFi?)
kOuiSigs,OUI,00:40:29,,Accessory,Weak,Compex (shared board?)
kOuiSigs,OUI,00:80:48,,Accessory,Weak,Compex (shared board?)
kOuiSigs,OUI,04:f0:21,,Accessory,Weak,Compex (shared board?)
kOuiSigs,OUI,04:0d:84,,Alpr,Weak,SiLabs (ALPR?)
kOuiSigs,OUI,1c:34:f1,,Alpr,Weak,SiLabs (ALPR?)
kOuiSigs,OUI,38:5b:44,,Alpr,Weak,SiLabs (ALPR?)
kOuiSigs,OUI,94:34:69,,Alpr,Weak,SiLabs (ALPR?)
kOuiSigs,OUI,b4:e3:f9,,Alpr,Weak,SiLabs (ALPR?)
kOuiSigs,OUI,f0:82:c0,,Alpr,Weak,SiLabs (ALPR?)
kOuiSigs,OUI,48:62:64,,Camera,Strong,Arlo
kOuiSigs,OUI,a4:11:62,,Camera,Strong,Arlo
kOuiSigs,OUI,fc:9c:98,,Camera,Strong,Arlo
kOuiSigs,OUI,b4:1e:52,,Alpr,Strong,Flock Safety
kOuiSigs,OUI,00:03:7f,,Alpr,Weak,Atheros QCA9377
kOuiSigs,OUI,00:25:df,,Bodycam,Strong,Axon Enterprise
kOuiSigs,OUI,00:f4:8d,,Alpr,Weak,Liteon (ALPR?)
kOuiSigs,OUI,14:5a:fc,,Alpr,Weak,Liteon (ALPR?)
kOuiSigs,OUI,14:b5:cd,,Alpr,Weak,Liteon (ALPR?)
kOuiSigs,OUI,24:b2:b9,,Alpr,Weak,Liteon (ALPR?)
kOuiSigs,OUI,3c:91:80,,Alpr,Weak,Liteon (ALPR?)
kOuiSigs,OUI,58:00:e3,,Alpr,Weak,Liteon (ALPR?)
kOuiSigs,OUI,5c:93:a2,,Alpr,Weak,Liteon (ALPR?)
kOuiSigs,OUI,64:6e:69,,Alpr,Weak,Liteon (ALPR?)
kOuiSigs,OUI,70:08:94,,Alpr,Weak,Liteon (ALPR?)
kOuiSigs,OUI,70:c9:4e,,Alpr,Weak,Liteon (ALPR?)
kOuiSigs,OUI,74:4c:a1,,Alpr,Weak,Liteon (ALPR?)
kOuiSigs,OUI,80:30:49,,Alpr,Weak,Liteon (ALPR?)
kOuiSigs,OUI,94:08:53,,Alpr,Weak,Liteon (ALPR?)
kOuiSigs,OUI,9c:2f:9d,,Alpr,Weak,Liteon (ALPR?)
kOuiSigs,OUI,b8:1e:a4,,Alpr,Weak,Liteon (ALPR?)
kOuiSigs,OUI,c0:35:32,,Alpr,Weak,Liteon (ALPR?)
kOuiSigs,OUI,d0:39:57,,Alpr,Weak,Liteon (ALPR?)
kOuiSigs,OUI,d8:f3:bc,,Alpr,Weak,Liteon (ALPR?)
kOuiSigs,OUI,e0:0a:f6,,Alpr,Weak,Liteon (ALPR?)
kOuiSigs,OUI,e4:aa:ea,,Alpr,Weak,Liteon (ALPR?)
kOuiSigs,OUI,e8:d0:fc,,Alpr,Weak,Liteon (ALPR?)
kOuiSigs,OUI,f4:6a:dd,,Alpr,Weak,Liteon (ALPR?)
kOuiSigs,OUI,f8:a2:d6,,Alpr,Weak,Liteon (ALPR?)
kOuiSigs,OUI,58:8e:81,,Alpr,Weak,SiLabs (ALPR?)
kOuiSigs,OUI,90:35:ea,,Alpr,Weak,SiLabs (ALPR?)
kOuiSigs,OUI,ec:1b:bd,,Alpr,Weak,SiLabs (ALPR?)
kOuiSigs,OUI,3c:71:bf,,Alpr,Weak,Espressif (ALPR?)
kOuiSigs,OUI,a4:cf:12,,Alpr,Weak,Espressif (ALPR?)
kOuiSigs,OUI,08:3a:88,,Alpr,Weak,USI (ALPR?)
kOuiSigs,OUI,e0:4f:43,,Alpr,Weak,USI (ALPR?)
kOuiSigs,OUI,48:27:ea,,Alpr,Weak,Samsung (ALPR?)
kOuiSigs,OUI,82:6b:f2,,Alpr,Weak,"LAA, not a vendor"
kOuiSigs,OUI,00:04:7d,,Vehicle,Likely,Motorola Solutions
kOuiSigs,OUI,00:18:85,,Vehicle,Likely,Motorola Solutions
kOuiSigs,OUI,00:1f:92,,Vehicle,Likely,Motorola Solutions
kOuiSigs,OUI,4c:cc:34,,Vehicle,Likely,Motorola Solutions
kOuiSigs,OUI,b8:e2:8c,,Vehicle,Likely,Motorola Malaysia
kOuiSigs,OUI,00:bf:15,,Alpr,Likely,Genetec
kOuiSigs,OUI,0c:bf:15,,Alpr,Likely,Genetec
kOuiSigs,OUI,ac:9f:c3,,Camera,Strong,Ring
kOuiSigs,OUI,18:7f:88,,Camera,Strong,Ring
kOuiSigs,OUI,34:3e:a4,,Camera,Strong,Ring
kOuiSigs,OUI,54:e0:19,,Camera,Strong,Ring
kOuiSigs,OUI,5c:47:5e,,Camera,Strong,Ring
kOuiSigs,OUI,64:9a:63,,Camera,Strong,Ring
kOuiSigs,OUI,90:48:6c,,Camera,Strong,Ring
kOuiSigs,OUI,9c:76:13,,Camera,Strong,Ring
kOuiSigs,OUI,cc:3b:fb,,Camera,Strong,Ring
kOuiSigs,OUI,c4:db:ad,,Camera,Strong,Ring
kOuiSigs,OUI,24:2b:d6,,Camera,Strong,Ring
kOuiSigs,OUI,00:b4:63,,Camera,Strong,Ring
kOuiSigs,OUI,50:e4:67,,Camera,Strong,Ring
kOuiSigs,OUI,c0:56:e3,,Camera,Strong,Hikvision
kOuiSigs,OUI,44:19:b6,,Camera,Strong,Hikvision
kOuiSigs,OUI,28:57:be,,Camera,Strong,Hikvision
kOuiSigs,OUI,2c:aa:8e,,Camera,Strong,Wyze Labs
kOuiSigs,OUI,d0:3f:27,,Camera,Strong,Wyze Labs
kOuiSigs,OUI,7c:78:b2,,Camera,Strong,Wyze Labs
kOuiSigs,OUI,00:40:8c,,Camera,Strong,Axis Comms
kOuiSigs,OUI,b8:a4:4f,,Camera,Strong,Axis Comms
kOuiSigs,OUI,e0:a7:00,,Camera,Strong,Verkada
kOuiSigs,OUI,70:1a:d5,,Camera,Strong,Avigilon Alta
kOuiSigs,OUI,34:d2:70,,Camera,Weak,Amazon (Ring parent)
kOuiSigs,OUI,f0:27:2d,,Camera,Weak,Amazon (Ring parent)
kOuiSigs,OUI,fc:65:de,,Camera,Weak,Amazon (Ring parent)
kOuiSigs,OUI,68:37:e9,,Camera,Weak,Amazon (Ring parent)
kOuiSigs,OUI,b8:d7:af,,Camera,Weak,Murata (module)
kOuiSigs,OUI,00:e0:4c,,Camera,Weak,Realtek (module)
kOuiSigs,OUI,a4:c1:38,,Camera,Weak,Telink (module)
kOuiSigs,OUI,4c:69:05,,Camera,Weak,unregistered OUI
kOuiSigs,OUI,0c:fa:22,,Pentest,Strong,Flipper Devices
kOuiSigs,OUI,02:c0:ca,,Pentest,Weak,Hak5 LAA default
kOuiSigs,OUI,02:13:37,,Pentest,Weak,Hak5 LAA default
kOuiSigs,OUI,00:c0:ca,,Pentest,Weak,ALFA (Pineapple radio?)
kOuiSigs,OUI,de:ad:be,,Pentest,Weak,deadbeef MAC
kOuiSigs,OUI,b8:35:32,,Alpr,Weak,unregistered OUI
kOuiSigs,OUI,00:17:88,,Mesh,Likely,Philips Hue (Zigbee)
kOuiSigs,OUI,ec:b5:fa,,Mesh,Likely,Philips Hue (Zigbee)
kOuiSigs,OUI,c4:29:96,,Mesh,Likely,Signify Hue (Zigbee)
kOuiSigs,OUI,fc:26:8c,,Mesh,Likely,Signify Hue (Zigbee)
kOuiSigs,OUI,24:fd:5b,,Mesh,Likely,SmartThings hub
kOuiSigs,OUI,18:c2:3c,,Mesh,Likely,Aqara/Lumi gateway
kOuiSigs,OUI,54:ef:44,,Mesh,Likely,Aqara/Lumi gateway
kOuiSigs,OUI,68:ec:8a,,Mesh,Likely,IKEA smart home hub
kSsidSigs,Prefix,Flock Camera net,,Alpr,Strong,Flock camera SSID
kSsidSigs,Prefix,Flock-,,Alpr,Strong,Flock SSID
kSsidSigs,Prefix,Flock,,Alpr,Likely,Flock (bare)
kSsidSigs,Prefix,Penguin-,,Accessory,Likely,Flock battery pack
kSsidSigs,Prefix,O.MG,,Pentest,Likely,O.MG cable (default SSID)
kNameInSigs,Needle,Samsara,,Vehicle,Strong,Samsara fleet
kNameInSigs,Needle,KeepTruckin,,Vehicle,Strong,Motive ELD
kNameInSigs,Needle,Motive Hotspot,,Vehicle,Strong,Motive ELD
kNameInSigs,Needle,Motive_,,Vehicle,Strong,Motive ELD
kNameInSigs,Needle,PNet,,Vehicle,Likely,PeopleNet ELD
kNameInSigs,Needle,tsTPMS,,Vehicle,Strong,Tesla tyre sensor
kNameInSigs,Needle,TireCheck,,Vehicle,Strong,TireCheck TPMS
kNameInSigs,Needle,TPMS,,Vehicle,Likely,TPMS sensor
kNameInSigs,Needle,FOBO,,Vehicle,Likely,FOBO TPMS
kNameInSigs,Needle,TeslaWallConnector,,Vehicle,Weak,Tesla charger
kNameInSigs,Needle,Cybertruck,,Vehicle,Weak,Tesla
kNameInSigs,Needle,TeslaGW,,Vehicle,Weak,Tesla
kNameInSigs,Needle,myChevrolet,,Vehicle,Weak,Chevrolet
kNameInSigs,Needle,myCadillac,,Vehicle,Weak,Cadillac
kNameInSigs,Needle,myBuick,,Vehicle,Weak,Buick
kNameInSigs,Needle,myGMC,,Vehicle,Weak,GMC
kNameInSigs,Needle,Uconnect,,Vehicle,Weak,Stellantis Uconnect
kNameInSigs,Needle,Porsche_WLAN,,Vehicle,Weak,Porsche
kNameInSigs,Needle,Audi_MMI_,,Vehicle,Weak,Audi MMI
kNameInSigs,Needle,MBUX,,Vehicle,Weak,Mercedes MBUX
kNameInSigs,Needle,CARLINK-,,Vehicle,Weak,CarPlay adapter
kNameInSigs,Needle,CarPlay,,Vehicle,Weak,CarPlay head unit
kNameInSigs,Needle,Winegard,,Vehicle,Weak,Winegard RV
kNameInSigs,Needle,BlipTrack,,Alpr,Strong,BlipTrack
kNameInSigs,Needle,BLIP-Track,,Alpr,Strong,BlipTrack
kNameInSigs,Needle,BlueTOAD,,Alpr,Strong,BlueTOAD
kNameInSigs,Needle,BlueARGUS,,Alpr,Strong,Iteris BlueARGUS
kNameInSigs,Needle,VantageARGUS,,Alpr,Strong,Iteris VantageARGUS
kNameInSigs,Needle,VantageVelocity,,Alpr,Strong,Iteris Vantage
kNameInSigs,Needle,Vantage Velocity,,Alpr,Strong,Iteris Vantage
kNameInSigs,Needle,TrafficCast,,Alpr,Strong,TrafficCast
kNameInSigs,Needle,Miovision,,Alpr,Strong,Miovision
kNameInSigs,Needle,Pigvision,,Camera,Strong,Pigvision
kNameInSigs,Needle,ShotSpotter,,Acoustic,Strong,ShotSpotter
kNameInSigs,Needle,Shot Spotter,,Acoustic,Strong,ShotSpotter
kNameInSigs,Needle,SoundThinking,,Acoustic,Strong,SoundThinking
kNameInSigs,Needle,LVT-,,Alpr,Strong,LVT trailer
kNameInSigs,Needle,LVT_,,Alpr,Strong,LVT trailer
kNameInSigs,Needle,LiveView,,Alpr,Likely,LVT trailer?
kNameInSigs,Needle,Dahua,,Camera,Likely,Dahua
kNameInSigs,Needle,Uniview,,Camera,Likely,Uniview
kNameInSigs,Needle,Uniarch,,Camera,Likely,Uniview Uniarch
kNameInSigs,Needle,UNV-,,Camera,Likely,Uniview
kNameInSigs,Needle,UVC G3 Instant,,Camera,Strong,UniFi Protect
kNameInSigs,Needle,UVC G4 Instant,,Camera,Strong,UniFi Protect
kNameInSigs,Needle,UVC G6 Instant,,Camera,Strong,UniFi Protect
kNameInSigs,Needle,FS Ext,,Accessory,Likely,FS pole battery
kNameInSigs,Needle,PENGUIN,,Accessory,Weak,Penguin battery?
kNameInSigs,Needle,Digital Ally,,Bodycam,Strong,Digital Ally
kNameInSigs,Needle,DigitalAlly,,Bodycam,Strong,Digital Ally
kNameInSigs,Needle,FirstVu,,Bodycam,Strong,Digital Ally FirstVu
kNameInSigs,Needle,VuLink,,Bodycam,Strong,Digital Ally VuLink
kNameInSigs,Needle,EVO-HD,,Bodycam,Likely,Digital Ally EVO-HD
kNameInSigs,Needle,Cradlepoint,,Accessory,Strong,Cradlepoint
kNameInSigs,Needle,AirLink,,Accessory,Likely,Sierra AirLink
kNameInSigs,Needle,ARLO_VMB_,,Camera,Strong,Arlo base station
kNameInSigs,Needle,Arlo,,Camera,Weak,Arlo?
kNameInSigs,Needle,EufyCam,,Camera,Likely,eufy
kNameInSigs,Needle,Nest Cam,,Camera,Likely,Nest Cam
kNameInSigs,Needle,Nestcam,,Camera,Likely,Nest Cam
kNameInSigs,Needle,Nest-Hello,,Camera,Likely,Nest doorbell
kNameInSigs,Needle,Reolink,,Camera,Likely,Reolink
kNameInSigs,Needle,Tapo,,Camera,Weak,TP-Link Tapo?
kNameInSigs,Needle,Pineapple_,,Pentest,Strong,Hak5 Pineapple
kNameInSigs,Needle,WiFi Pineapple,,Pentest,Strong,Hak5 Pineapple
kNameInSigs,Needle,MarauderAP,,Pentest,Strong,ESP32 Marauder
kNameInSigs,Needle,Marauder,,Pentest,Likely,ESP32 Marauder
kNameInSigs,Needle,GhostESP,,Pentest,Strong,GhostESP
kNameInSigs,Needle,Deauther,,Pentest,Likely,ESP8266 Deauther
kNameInSigs,Needle,Rekor,,Alpr,Likely,Rekor (ALPR)
kNameInSigs,Needle,Hayden,,Alpr,Likely,Hayden AI (ALPR)
kNameInSigs,Needle,Avigilon,,Camera,Likely,Avigilon
kNameInSigs,Needle,Wisenet,,Camera,Likely,Hanwha Wisenet
kNameInSigs,Needle,Rhombus,,Camera,Likely,Rhombus
kNameInSigs,Needle,i-PRO,,Camera,Likely,Panasonic i-PRO
kNameInSigs,Needle,Wolfcom,,Bodycam,Likely,Wolfcom
kNameInSigs,Needle,WatchGuard,,Bodycam,Likely,WatchGuard Video
kNameInSigs,Needle,Reveal,8,Bodycam,Weak,Reveal Media?
kBleSigs,Company,0x0B6B,,Vehicle,Strong,Samsara fleet
kBleSigs,Company,0x0601,,Vehicle,Strong,Schrader TPMS
kBleSigs,Company,0x0B99,,Vehicle,Strong,Goodyear tyre
kBleSigs,Company,0x0E32,,Vehicle,Strong,Pacific TPMS
kBleSigs,Company,0x070A,,Vehicle,Strong,Huf tyre/PEPS
kBleSigs,Company,0x0127,,Vehicle,Strong,FOBO TPMS
kBleSigs,Company,0x0BA2,,Vehicle,Strong,TireCheck TPMS
kBleSigs,Company,,0x00EE,Vehicle,Likely,FOBO TPMS
kBleSigs,Company,,0x27A5,Vehicle,Likely,SYTPMS sensor
kBleSigs,Company,,0xFBB0,Vehicle,Likely,Aftermarket TPMS
kBleSigs,Company,,0x1860,Vehicle,Weak,TPMS service
kBleSigs,Company,0x022B,,Vehicle,Weak,Tesla
kBleSigs,Company,,0xFE96,Vehicle,Weak,Tesla
kBleSigs,Company,,0xFE97,Vehicle,Weak,Tesla
kBleSigs,Company,0x05EB,,Vehicle,Weak,BMW
kBleSigs,Company,0x0723,,Vehicle,Weak,Ford/Lincoln
kBleSigs,Company,0x0977,,Vehicle,Weak,Toyota/Lexus
kBleSigs,Company,0x0915,,Vehicle,Weak,Honda/Acura
kBleSigs,Company,0x0826,,Vehicle,Weak,Hyundai/Genesis
kBleSigs,Company,0x0BA6,,Vehicle,Weak,Nissan/Infiniti
kBleSigs,Company,0x0A10,,Vehicle,Weak,Subaru
kBleSigs,Company,0x011F,,Vehicle,Weak,Volkswagen
kBleSigs,Company,,0xFE30,Vehicle,Weak,Volkswagen
kBleSigs,Company,,0xFE31,Vehicle,Weak,Volkswagen
kBleSigs,Company,0x010E,,Vehicle,Weak,Audi
kBleSigs,Company,0x0120,,Vehicle,Weak,Porsche
kBleSigs,Company,0x017C,,Vehicle,Weak,Mercedes
kBleSigs,Company,0x020B,,Vehicle,Weak,Jaguar/Land Rover
kBleSigs,Company,0x0068,,Vehicle,Weak,GM
kBleSigs,Company,0x0941,,Vehicle,Weak,Rivian
kBleSigs,Company,0x0C34,,Vehicle,Weak,BYD
kBleSigs,Company,0x09C8,,Accessory,Likely,Penguin battery
kBleSigs,Company,0x0D53,0xFD5F,Glasses,Strong,Meta Ray-Ban
kBleSigs,Company,0x0D53,,Glasses,Likely,Luxottica eyewear
kBleSigs,Company,,0xFD5F,Glasses,Likely,Meta device
kBleSigs,Company,0x09C8,,Accessory,Likely,XUNTONG (Penguin)
kBleSigs,Company,,0xFEED,Tracker,Strong,Tile
kBleSigs,Company,,0xFEEC,Tracker,Strong,Tile
kBleSigs,Company,,0xFD5A,Tracker,Likely,Samsung (SmartTag?)
kBleSigs,Company,,0xFEAA,Tracker,Weak,Eddystone beacon
kBleSigs,Company,,0x3080,Pentest,Likely,Flipper Zero
kBleSigs,Company,,0x3081,Pentest,Likely,Flipper Zero (black)
kBleSigs,Company,,0x3082,Pentest,Likely,Flipper Zero (white)
kBleSigs,Company,,0x3083,Pentest,Likely,Flipper Zero (clear)
kBleSigs,Company,,0x3100,Acoustic,Weak,Raven GATT 3100
kBleSigs,Company,,0x3101,Acoustic,Weak,Raven GATT 3101
kBleSigs,Company,,0x3102,Acoustic,Weak,Raven GATT 3102
kBleNameSigs,Prefix,Penguin-,,Accessory,Likely,Flock battery pack
kBleNameSigs,Prefix,FS Ext Battery,,Accessory,Strong,Flock ext battery
kBleNameSigs,Prefix,Ray-Ban,,Glasses,Strong,Ray-Ban Meta
kBleNameSigs,Prefix,Spectacles,,Glasses,Strong,Snap Spectacles
kBleNameSigs,Prefix,DfuTarg,,Accessory,Weak,Nordic DFU (generic)
kBleNameSigs,Prefix,QT ,11,Vehicle,Likely,KARR BT module
kBleNameSigs,Prefix,DR ,11,Vehicle,Likely,KARR Cell module
kBle128Sigs,UUID,6ba1b218-15a8-461f-9fa8-5dcae273eafd,,Mesh,Strong,Meshtastic node
kBle128Sigs,UUID,e8ccbb38-9532-46a8-9fe5-1814df172e6f,,Accessory,Strong,Flock accessory
kMfgSigs,Company,0x0001,80,Vehicle,Likely,TPMS (front L)
kMfgSigs,Company,0x0001,81,Vehicle,Likely,TPMS (front R)
kMfgSigs,Company,0x0001,82,Vehicle,Likely,TPMS (rear L)
kMfgSigs,Company,0x0001,83,Vehicle,Likely,TPMS (rear R)
kMfgSigs,Company,0x004C,12,Tracker,Likely,Apple Find My (separated)
kSvcDataSigs,Service,0xFEAA,40,Tracker,Strong,Google Find My Device
kSvcDataSigs,Service,0xFEAA,41,Tracker,Strong,Google Find My Device
kSvcDataSigs,Service,0xFCB2,,Tracker,Strong,DULT tracker
